[
  {
    "id": 4,
    "title": "1984",
    "author": "George Orwell",
    "price": 8.99,
    "quantity": 12
  },
  {
    "id": 5,
    "title": "Pride and Prejudice",
    "author": "Jane Austen",
    "price": 5.99,
    "quantity": 20
  },
  {
    "id": 6,
    "title": "The Catcher in the Rye",
    "author": "J.D. Salinger",
    "price": 9.49,
    "quantity": 8
  },
  {
    "id": 7,
    "title": "The Hobbit",
    "author": "J.R.R. Tolkien",
    "price": 11.99,
    "quantity": 10
  },
  {
    "id": 8,
    "title": "Fahrenheit 451",
    "author": "Ray Bradbury",
    "price": 7.49,
    "quantity": 14
  },
  {
    "id": 9,
    "title": "Brave New World",
    "author": "Aldous Huxley",
    "price": 8.49,
    "quantity": 11
  },
  {
    "id": 10,
    "title": "The Lord of the Rings",
    "author": "J.R.R. Tolkien",
    "price": 15.99,
    "quantity": 6
  },
  {
    "id": 11,
    "title": "Little Women",
    "author": "Louisa May Alcott",
    "price": 6.99,
    "quantity": 18
  },
  {
    "id": 12,
    "title": "The Alchemist",
    "author": "Paulo Coelho",
    "price": 9.99,
    "quantity": 13
  },
  {
    "id": 13,
    "title": "The Da Vinci Code",
    "author": "Dan Brown",
    "price": 10.49,
    "quantity": 7
  },
  {
    "id": 14,
    "title": "Gone with the Wind",
    "author": "Margaret Mitchell",
    "price": 12.99,
    "quantity": 9
  },
  {
    "id": 15,
    "title": "The Shining",
    "author": "Stephen King",
    "price": 8.99,
    "quantity": 15
  },
  {
    "id": 16,
    "title": "Catch-22",
    "author": "Joseph Heller",
    "price": 9.49,
    "quantity": 8
  },
  {
    "id": 17,
    "title": "Wuthering Heights",
    "author": "Emily Brontë",
    "price": 6.49,
    "quantity": 14
  },
  {
    "id": 18,
    "title": "Jane Eyre",
    "author": "Charlotte Brontë",
    "price": 7.99,
    "quantity": 12
  },
  {
    "id": 19,
    "title": "Moby-Dick",
    "author": "Herman Melville",
    "price": 10.99,
    "quantity": 10
  },
  {
    "id": 20,
    "title": "The Odyssey",
    "author": "Homer",
    "price": 8.49,
    "quantity": 16
  }
]
